mysql> ALTER TABLE Disciplina
    -> ADD CHECK (Semestre < 6);
Query OK, 0 rows affected (0.094 sec)
Records: 0  Duplicates: 0  Warnings: 0

mysql> DESC Disciplina
    -> ;
+--------------+-------------+------+-----+---------+-------+
| Field        | Type        | Null | Key | Default | Extra |
+--------------+-------------+------+-----+---------+-------+
| CargaHoraria | int         | NO   |     | NULL    |       |
| Cod          | int         | NO   | PRI | NULL    |       |
| Semestre     | int         | NO   |     | NULL    |       |
| Nome         | varchar(50) | NO   |     | NULL    |       |
| SIAPE        | varchar(7)  | NO   | MUL | NULL    |       |
+--------------+-------------+------+-----+---------+-------+
5 rows in set (0.004 sec)

mysql> SHOW CREATE TABLE Disciplina
    -> ;
+------------+------------------------------------------------------------------------------------------------------------------------------------------------------------------------------------------------------------------------------------------------------------------------------------------------------------------------------------------------------------------------------------------------------------------------------------------------+
| Table      | Create Table                                                                                                                                                                                                                                                                                                                                                                                                                                   |
+------------+------------------------------------------------------------------------------------------------------------------------------------------------------------------------------------------------------------------------------------------------------------------------------------------------------------------------------------------------------------------------------------------------------------------------------------------------+
| Disciplina | CREATE TABLE `Disciplina` (
  `CargaHoraria` int NOT NULL,
  `Cod` int NOT NULL,
  `Semestre` int NOT NULL,
  `Nome` varchar(50) NOT NULL,
  `SIAPE` varchar(7) NOT NULL,
  PRIMARY KEY (`Cod`),
  KEY `SIAPE` (`SIAPE`),
  CONSTRAINT `Disciplina_ibfk_1` FOREIGN KEY (`SIAPE`) REFERENCES `Professor` (`SIAPE`),
  CONSTRAINT `Disciplina_chk_1` CHECK ((`Semestre` < 6))
) ENGINE=InnoDB DEFAULT CHARSET=utf8mb4 COLLATE=utf8mb4_0900_ai_ci |
+------------+------------------------------------------------------------------------------------------------------------------------------------------------------------------------------------------------------------------------------------------------------------------------------------------------------------------------------------------------------------------------------------------------------------------------------------------------+
1 row in set (0.001 sec)

mysql> ALTER TABLE Disciplina ADD CHECK (CargaHoraria > 0);
Query OK, 0 rows affected (0.061 sec)
Records: 0  Duplicates: 0  Warnings: 0

mysql> SHOW CREATE TABLE faz
    -> ;
+-------+--------------------------------------------------------------------------------------------------------------------------------------------------------------------------------------------------------------------------------------------------------------------------------------------------------------------------------------------------------------------------------------------------------+
| Table | Create Table                                                                                                                                                                                                                                                                                                                                                                                           |
+-------+--------------------------------------------------------------------------------------------------------------------------------------------------------------------------------------------------------------------------------------------------------------------------------------------------------------------------------------------------------------------------------------------------------+
| faz   | CREATE TABLE `faz` (
  `Estado` varchar(10) NOT NULL,
  `matricula` int NOT NULL,
  `Cod` int NOT NULL,
  PRIMARY KEY (`matricula`,`Cod`),
  KEY `Cod` (`Cod`),
  CONSTRAINT `faz_ibfk_1` FOREIGN KEY (`matricula`) REFERENCES `Aluno` (`matricula`),
  CONSTRAINT `faz_ibfk_2` FOREIGN KEY (`Cod`) REFERENCES `Disciplina` (`Cod`)
) ENGINE=InnoDB DEFAULT CHARSET=utf8mb4 COLLATE=utf8mb4_0900_ai_ci |
+-------+--------------------------------------------------------------------------------------------------------------------------------------------------------------------------------------------------------------------------------------------------------------------------------------------------------------------------------------------------------------------------------------------------------+
1 row in set (0.002 sec)

mysql> ALTER TABLE faz ADD CHECK (Estado='Cursando' OR Estado='Concluido' OR Estado='Trancado' OR Estado='Reprovado');
Query OK, 0 rows affected (0.059 sec)
Records: 0  Duplicates: 0  Warnings: 0

mysql> SHOW CREATE TABLE faz
    -> ;
+-------+-----------------------------------------------------------------------------------------------------------------------------------------------------------------------------------------------------------------------------------------------------------------------------------------------------------------------------------------------------------------------------------------------------------------------------------------------------------------------------------------------------------------------------------------------------------------------------------+
| Table | Create Table                                                                                                                                                                                                                                                                                                                                                                                                                                                                                                                                                                      |
+-------+-----------------------------------------------------------------------------------------------------------------------------------------------------------------------------------------------------------------------------------------------------------------------------------------------------------------------------------------------------------------------------------------------------------------------------------------------------------------------------------------------------------------------------------------------------------------------------------+
| faz   | CREATE TABLE `faz` (
  `Estado` varchar(10) NOT NULL,
  `matricula` int NOT NULL,
  `Cod` int NOT NULL,
  PRIMARY KEY (`matricula`,`Cod`),
  KEY `Cod` (`Cod`),
  CONSTRAINT `faz_ibfk_1` FOREIGN KEY (`matricula`) REFERENCES `Aluno` (`matricula`),
  CONSTRAINT `faz_ibfk_2` FOREIGN KEY (`Cod`) REFERENCES `Disciplina` (`Cod`),
  CONSTRAINT `faz_chk_1` CHECK (((`Estado` = _latin1'Cursando') or (`Estado` = _latin1'Concluido') or (`Estado` = _latin1'Trancado') or (`Estado` = _latin1'Reprovado')))
) ENGINE=InnoDB DEFAULT CHARSET=utf8mb4 COLLATE=utf8mb4_0900_ai_ci |
+-------+-----------------------------------------------------------------------------------------------------------------------------------------------------------------------------------------------------------------------------------------------------------------------------------------------------------------------------------------------------------------------------------------------------------------------------------------------------------------------------------------------------------------------------------------------------------------------------------+
1 row in set (0.001 sec)

mysql> SHOW CREATE TABLE PreRequisito
    -> ;
+--------------+-------------------------------------------------------------------------------------------------------------------------------------------------------------------------------------------------------------------------------------------------------------------------------------------------------------------------------------------------------------------------------------------------------------------------------------------+
| Table        | Create Table                                                                                                                                                                                                                                                                                                                                                                                                                              |
+--------------+-------------------------------------------------------------------------------------------------------------------------------------------------------------------------------------------------------------------------------------------------------------------------------------------------------------------------------------------------------------------------------------------------------------------------------------------+
| PreRequisito | CREATE TABLE `PreRequisito` (
  `Cod` int NOT NULL,
  `PreRequisitoCod` int NOT NULL,
  PRIMARY KEY (`Cod`,`PreRequisitoCod`),
  KEY `PreRequisitoCod` (`PreRequisitoCod`),
  CONSTRAINT `PreRequisito_ibfk_1` FOREIGN KEY (`Cod`) REFERENCES `Disciplina` (`Cod`),
  CONSTRAINT `PreRequisito_ibfk_2` FOREIGN KEY (`PreRequisitoCod`) REFERENCES `Disciplina` (`Cod`)
) ENGINE=InnoDB DEFAULT CHARSET=utf8mb4 COLLATE=utf8mb4_0900_ai_ci |
+--------------+-------------------------------------------------------------------------------------------------------------------------------------------------------------------------------------------------------------------------------------------------------------------------------------------------------------------------------------------------------------------------------------------------------------------------------------------+
1 row in set (0.002 sec)

mysql> ALTER TABLE PreRequisito
    -> ADD CHECK (PreRequisitoCod != Cod);
Query OK, 0 rows affected (0.082 sec)
Records: 0  Duplicates: 0  Warnings: 0

mysql> SHOW CREATE TABLE PreRequisito
    -> ;
+--------------+-------------------------------------------------------------------------------------------------------------------------------------------------------------------------------------------------------------------------------------------------------------------------------------------------------------------------------------------------------------------------------------------------------------------------------------------------------------------------------------------------------------------+
| Table        | Create Table                                                                                                                                                                                                                                                                                                                                                                                                                                                                                                      |
+--------------+-------------------------------------------------------------------------------------------------------------------------------------------------------------------------------------------------------------------------------------------------------------------------------------------------------------------------------------------------------------------------------------------------------------------------------------------------------------------------------------------------------------------+
| PreRequisito | CREATE TABLE `PreRequisito` (
  `Cod` int NOT NULL,
  `PreRequisitoCod` int NOT NULL,
  PRIMARY KEY (`Cod`,`PreRequisitoCod`),
  KEY `PreRequisitoCod` (`PreRequisitoCod`),
  CONSTRAINT `PreRequisito_ibfk_1` FOREIGN KEY (`Cod`) REFERENCES `Disciplina` (`Cod`),
  CONSTRAINT `PreRequisito_ibfk_2` FOREIGN KEY (`PreRequisitoCod`) REFERENCES `Disciplina` (`Cod`),
  CONSTRAINT `PreRequisito_chk_1` CHECK ((`PreRequisitoCod` <> `Cod`))
) ENGINE=InnoDB DEFAULT CHARSET=utf8mb4 COLLATE=utf8mb4_0900_ai_ci |
+--------------+-------------------------------------------------------------------------------------------------------------------------------------------------------------------------------------------------------------------------------------------------------------------------------------------------------------------------------------------------------------------------------------------------------------------------------------------------------------------------------------------------------------------+
1 row in set (0.001 sec)

mysql> DESC Professor
    -> ;
+-------------+--------------+------+-----+---------+-------+
| Field       | Type         | Null | Key | Default | Extra |
+-------------+--------------+------+-----+---------+-------+
| TempoDeCasa | date         | NO   |     | NULL    |       |
| SIAPE       | varchar(7)   | NO   | PRI | NULL    |       |
| Nome        | varchar(100) | NO   |     | NULL    |       |
+-------------+--------------+------+-----+---------+-------+
3 rows in set (0.002 sec)

mysql> INSERT INTO Professor (SIAPE, Nome, TempoDeCasa)
    -> VALUE ('1001', 'Maria Luz', '2015-03-10'),
    -> ('1002', 'Carlos Eduardo Silva', '2012-07-01'),
    -> ('1003', 'Fernanda Costa', '2018-11-23'),
    -> ('1004', 'Joao Pedro Almeida', '2014-05-15'),
    -> ('1005', 'Mariana Goncalves', '2016-09-30');
Query OK, 5 rows affected (0.045 sec)
Records: 5  Duplicates: 0  Warnings: 0

mysql> SELECT * FROM Professor;
+-------------+-------+----------------------+
| TempoDeCasa | SIAPE | Nome                 |
+-------------+-------+----------------------+
| 2015-03-10  | 1001  | Maria Luz            |
| 2012-07-01  | 1002  | Carlos Eduardo Silva |
| 2018-11-23  | 1003  | Fernanda Costa       |
| 2014-05-15  | 1004  | Joao Pedro Almeida   |
| 2016-09-30  | 1005  | Mariana Goncalves    |
+-------------+-------+----------------------+
5 rows in set (0.001 sec)

mysql> SELECT SIAPE, Nome, TempoDeCasa FROM Professor;
+-------+----------------------+-------------+
| SIAPE | Nome                 | TempoDeCasa |
+-------+----------------------+-------------+
| 1001  | Maria Luz            | 2015-03-10  |
| 1002  | Carlos Eduardo Silva | 2012-07-01  |
| 1003  | Fernanda Costa       | 2018-11-23  |
| 1004  | Joao Pedro Almeida   | 2014-05-15  |
| 1005  | Mariana Goncalves    | 2016-09-30  |
+-------+----------------------+-------------+
5 rows in set (0.001 sec)

mysql> notee;
